frequency,midi_note,channel
100.0,0,0
112.5,1,0
125.0,2,0
150.0,3,0
166.66666666666669,4,0
100.0,0,1
120.0,1,1
133.33333333333331,2,1
150.0,3,1
180.0,4,1
